<!DOCTYPE html><html lang="en-US"><head><meta charset="UTF-8"><meta http-equiv="X-UA-Compatible" content="IE=edge"><link rel="pingback" href="https://themesbox.in/xmlrpc.php"><meta name="description" content="Themesbox is a minimal & clean WordPress blog theme"><meta name="keywords" content="blog, minimal, clean, blog theme"><meta name="author" content="Themesbox"><meta name="google-site-verification" content="QKMV_7r16I6Zc6peTGaaxhLFbrA3PWsio6PJwDASjyo" /><meta name="viewport" content="width=device-width, initial-scale=1.0, user-scalable=0, minimal-ui"><link rel="shortcut icon" href="https://themesbox.in/wp-content/themes/themesbox/assets/images/favicon.ico"><meta name='robots' content='noindex, follow' /><link media="all" href="https://themesbox.in/wp-content/cache/autoptimize/css/autoptimize_7e1d7d1a3b992555aac673fd4daed678.css" rel="stylesheet" /><title>Page not found - Themesbox</title><meta property="og:locale" content="en_US" /><meta property="og:title" content="Page not found - Themesbox" /><meta property="og:site_name" content="Themesbox" /> <script type="application/ld+json" class="yoast-schema-graph">{"@context":"https://schema.org","@graph":[{"@type":"WebSite","@id":"https://themesbox.in/#website","url":"https://themesbox.in/","name":"Themesbox","description":"Premium Bootstrap, Laravel, Angular, Vue, React, Wordpress, PSD Templates &amp; Themes","potentialAction":[{"@type":"SearchAction","target":{"@type":"EntryPoint","urlTemplate":"https://themesbox.in/?s={search_term_string}"},"query-input":"required name=search_term_string"}],"inLanguage":"en-US"}]}</script> <link rel='dns-prefetch' href='//fonts.googleapis.com' /><link rel='dns-prefetch' href='//s.w.org' /><link rel='preconnect' href='https://fonts.gstatic.com' crossorigin /><link rel="alternate" type="application/rss+xml" title="Themesbox &raquo; Feed" href="https://themesbox.in/feed/" /><link rel="alternate" type="application/rss+xml" title="Themesbox &raquo; Comments Feed" href="https://themesbox.in/comments/feed/" /> <script type="text/javascript">window._wpemojiSettings = {"baseUrl":"https:\/\/s.w.org\/images\/core\/emoji\/13.1.0\/72x72\/","ext":".png","svgUrl":"https:\/\/s.w.org\/images\/core\/emoji\/13.1.0\/svg\/","svgExt":".svg","source":{"concatemoji":"https:\/\/themesbox.in\/wp-includes\/js\/wp-emoji-release.min.js?ver=5.8.10"}};
			!function(e,a,t){var n,r,o,i=a.createElement("canvas"),p=i.getContext&&i.getContext("2d");function s(e,t){var a=String.fromCharCode;p.clearRect(0,0,i.width,i.height),p.fillText(a.apply(this,e),0,0);e=i.toDataURL();return p.clearRect(0,0,i.width,i.height),p.fillText(a.apply(this,t),0,0),e===i.toDataURL()}function c(e){var t=a.createElement("script");t.src=e,t.defer=t.type="text/javascript",a.getElementsByTagName("head")[0].appendChild(t)}for(o=Array("flag","emoji"),t.supports={everything:!0,everythingExceptFlag:!0},r=0;r<o.length;r++)t.supports[o[r]]=function(e){if(!p||!p.fillText)return!1;switch(p.textBaseline="top",p.font="600 32px Arial",e){case"flag":return s([127987,65039,8205,9895,65039],[127987,65039,8203,9895,65039])?!1:!s([55356,56826,55356,56819],[55356,56826,8203,55356,56819])&&!s([55356,57332,56128,56423,56128,56418,56128,56421,56128,56430,56128,56423,56128,56447],[55356,57332,8203,56128,56423,8203,56128,56418,8203,56128,56421,8203,56128,56430,8203,56128,56423,8203,56128,56447]);case"emoji":return!s([10084,65039,8205,55357,56613],[10084,65039,8203,55357,56613])}return!1}(o[r]),t.supports.everything=t.supports.everything&&t.supports[o[r]],"flag"!==o[r]&&(t.supports.everythingExceptFlag=t.supports.everythingExceptFlag&&t.supports[o[r]]);t.supports.everythingExceptFlag=t.supports.everythingExceptFlag&&!t.supports.flag,t.DOMReady=!1,t.readyCallback=function(){t.DOMReady=!0},t.supports.everything||(n=function(){t.readyCallback()},a.addEventListener?(a.addEventListener("DOMContentLoaded",n,!1),e.addEventListener("load",n,!1)):(e.attachEvent("onload",n),a.attachEvent("onreadystatechange",function(){"complete"===a.readyState&&t.readyCallback()})),(n=t.source||{}).concatemoji?c(n.concatemoji):n.wpemoji&&n.twemoji&&(c(n.twemoji),c(n.wpemoji)))}(window,document,window._wpemojiSettings);</script> <link rel='stylesheet' id='dashicons-css'  href='https://themesbox.in/wp-includes/css/dashicons.min.css?ver=5.8.10' type='text/css' media='all' /><link rel="preload" as="style" href="https://fonts.googleapis.com/css?family=Muli:400,600,700%7CPoppins:600,700&#038;display=swap&#038;ver=1611306310" /><link rel="stylesheet" href="https://fonts.googleapis.com/css?family=Muli:400,600,700%7CPoppins:600,700&#038;display=swap&#038;ver=1611306310" media="print" onload="this.media='all'"><noscript><link rel="stylesheet" href="https://fonts.googleapis.com/css?family=Muli:400,600,700%7CPoppins:600,700&#038;display=swap&#038;ver=1611306310" /></noscript><script type='text/javascript' src='https://themesbox.in/wp-includes/js/jquery/jquery.min.js?ver=3.6.0' id='jquery-core-js'></script> <script type='text/javascript' id='ajax-auth-script-js-extra'>var ajax_auth_object = {"ajaxurl":"https:\/\/themesbox.in\/wp-admin\/admin-ajax.php","redirecturl":"https:\/\/themesbox.in\/my-account","loadingmessage":"Sending user info, please wait..."};</script> <link rel="https://api.w.org/" href="https://themesbox.in/wp-json/" /><link rel="EditURI" type="application/rsd+xml" title="RSD" href="https://themesbox.in/xmlrpc.php?rsd" /><link rel="wlwmanifest" type="application/wlwmanifest+xml" href="https://themesbox.in/wp-includes/wlwmanifest.xml" /><meta name="generator" content="WordPress 5.8.10" /><meta name="framework" content="Redux 4.3.4" /><meta name="generator" content="Easy Digital Downloads v2.11.3.1" />  <script async src="https://www.googletagmanager.com/gtag/js?id=UA-154760510-1"></script> <script>window.dataLayer = window.dataLayer || [];
  function gtag(){dataLayer.push(arguments);}
  gtag('js', new Date());

  gtag('config', 'UA-154760510-1');</script> </head><body class="error404" data-spy="scroll" data-target="#navbar-menu"><form id="login" class="ajax-auth login-form" action="login" method="post"><h3>Sign In !</h3> <span class="si-up">New to Themesbox? <a id="pop_signup" href="" data-wpel-link="internal">Sign Up</a> Here</span><div class="row"><div class="col-lg-12 text-center"><div class='apsl-login-networks theme-4 clearfix'><div class='social-networks'> <a href="https://themesbox.in/wp-login.php?apsl_login_id=google_login&amp;state=cmVkaXJlY3RfdG89aHR0cCUzQSUyRiUyRnRoZW1lc2JveC5pbiUyRm15LWFjY291bnQlMkY=" title="Login with google" data-wpel-link="internal"><div class="apsl-icon-block icon-google"> <i class="fab fa-google"></i> <span class="apsl-login-text">Login</span> <span class="apsl-long-login-text">Login with google</span></div> </a></div></div></div></div><div class="part"><h4>OR</h4></div><p class="status"></p> <input type="hidden" id="security" name="security" value="bf0dc88084" /><input type="hidden" name="_wp_http_referer" value="/admin-templates/orbiter/html/light-vertical/xl/workbook.xml" /><div class="form-group"> <input id="username" type="text" class="form-control required" name="username" placeholder="Username or Email ID"></div><div class="form-group"> <input id="password" type="password" class="form-control required" name="password" placeholder="Password"></div><div class="form-row"><div class="form-group col-6"> <label class="remember-me"> <input name="rememberme" type="checkbox" id="rememberme" value="forever"> Remember me ? <span class="checkmark"></span> </label></div><div class="form-group col-6"> <label class="forgot-psw text-right"> <a id="pop_forgot" class="fp text-link" href="https://themesbox.in/wp-login.php?action=lostpassword" data-wpel-link="internal">Forgot Password ?</a> </label></div></div><div class="form-group text-center mb-0"> <button type="submit" class="btn btn-primary theme-btn submit_button">Sign In</button></div> <a class="close" href="" data-wpel-link="internal"><span><i class="feather icon-x"></i></span></a></form><form id="register" class="ajax-auth reg-form"  action="register" method="post"><h3>Create New Account</h3> <span class="si-up">Already have an account? <a id="pop_login" href="" data-wpel-link="internal">Sign In</a> Here</span><div class="row"><div class="col-lg-12 text-center"><div class='apsl-login-networks theme-4 clearfix'><div class='social-networks'> <a href="https://themesbox.in/wp-login.php?apsl_login_id=google_login&amp;state=cmVkaXJlY3RfdG89aHR0cCUzQSUyRiUyRnRoZW1lc2JveC5pbiUyRm15LWFjY291bnQlMkY=" title="Login with google" data-wpel-link="internal"><div class="apsl-icon-block icon-google"> <i class="fab fa-google"></i> <span class="apsl-login-text">Login</span> <span class="apsl-long-login-text">Login with google</span></div> </a></div></div></div></div><div class="part"><h4>OR</h4></div><p class="status"></p> <input type="hidden" id="signonsecurity" name="signonsecurity" value="db32a40f57" /><input type="hidden" name="_wp_http_referer" value="/admin-templates/orbiter/html/light-vertical/xl/workbook.xml" /><div class="pl65"><div class="form-row"><div class="form-group col-sm-6"> <input id="first_names" type="text" name="first_names" class="form-control required" placeholder="First Name"></div><div class="form-group col-sm-6"> <input id="last_names" type="text" name="last_names" class="form-control required" placeholder="Last Name"></div></div><div class="form-row"><div class="form-group col-sm-6"> <input id="signonname" type="text" name="signonname" class="form-control required" placeholder="Username"></div><div class="form-group col-sm-6"> <input id="email" type="text" class="form-control required email" name="email" placeholder="Email ID"></div></div><div class="form-row"><div class="form-group col-sm-6"> <input id="signonpassword" type="password" class="form-control required" name="signonpassword" placeholder="Password"></div><div class="form-group col-sm-6"> <input type="password" id="password2" class="form-control required" name="password2" placeholder="Re-Type Password"></div></div><div class="form-group"> <label class="checkbox-inline terms"><input type="checkbox" value="cnc-plasma">I Agree to Terms &amp; Conditions of Themesbox</label></div><div class="form-group text-center mt-30 mb-0"> <button type="submit" class="btn btn-primary theme-btn submit_button">Create an Account</button></div></div> <a class="close" href="" data-wpel-link="internal"><span><i class="feather icon-x"></i></span></a></form><form id="forgot_password" class="ajax-auth" action="forgot_password" method="post"><h3>Forgot Password</h3> <span class="si-up">Remember Password? <a id="pop_login" href="" data-wpel-link="internal">Sign In</a> Here</span><p class="status"></p> <input type="hidden" id="forgotsecurity" name="forgotsecurity" value="d76eb6074e" /><input type="hidden" name="_wp_http_referer" value="/admin-templates/orbiter/html/light-vertical/xl/workbook.xml" /><div class="form-group"> <input id="user_login" type="text" class="required" name="user_login" placeholder="Username or Email ID"></div><div class="form-group text-center mt-30 mb-0"> <button type="submit" class="btn btn-primary theme-btn submit_button">Submit</button></div> <a class="close" href="" data-wpel-link="internal"><span><i class="feather icon-x"></i></span></a></form><div class="page-wrapper"><header><div class="headerbar"><div class="container"><div class="logobar"> <a href="https://themesbox.in" data-wpel-link="internal"> <img src="https://themesbox.in/wp-content/themes/themesbox/assets/images/logo.svg" class="img-fluid" alt="logo"> </a></div><div class="menubar"><div class="navigationbar"><div class="menu-extras"><div class="menu-item"> <a class="navbar-toggle"><div class="lines"> <span></span> <span></span> <span></span></div> </a></div></div><div class="menu-container"><div class="menu-main-menu-container"><ul id="menu-main-menu" class="navigation-menu"><li id="nav-menu-item-59" class="has-submenu main-menu-item  menu-item-even menu-item-depth-0 menu-item menu-item-type-custom menu-item-object-custom menu-item-has-children"><a href="#" class="menu-link main-menu-link">Categories</a><div><span class="menu-arrow"></span></div><ul class="submenu menu-odd  menu-depth-1"><li id="nav-menu-item-60" class="sub-menu-item  menu-item-odd menu-item-depth-1 menu-item menu-item-type-taxonomy menu-item-object-download_category"><a href="https://themesbox.in/item/category/admin-templates/" class="menu-link sub-menu-link" data-wpel-link="internal">Admin Templates</a></li><li id="nav-menu-item-61" class="sub-menu-item  menu-item-odd menu-item-depth-1 menu-item menu-item-type-taxonomy menu-item-object-download_category"><a href="https://themesbox.in/item/category/landing-pages/" class="menu-link sub-menu-link" data-wpel-link="internal">Landing Pages</a></li><li id="nav-menu-item-63" class="sub-menu-item  menu-item-odd menu-item-depth-1 menu-item menu-item-type-taxonomy menu-item-object-download_category"><a href="https://themesbox.in/item/category/wordpress-themes/" class="menu-link sub-menu-link" data-wpel-link="internal">WordPress Themes</a></li><li id="nav-menu-item-62" class="sub-menu-item  menu-item-odd menu-item-depth-1 menu-item menu-item-type-taxonomy menu-item-object-download_category"><a href="https://themesbox.in/item/category/psd-templates/" class="menu-link sub-menu-link" data-wpel-link="internal">PSD Templates</a></li></ul></li><li id="nav-menu-item-64" class="main-menu-item  menu-item-even menu-item-depth-0 menu-item menu-item-type-taxonomy menu-item-object-download_category"><a href="https://themesbox.in/item/category/freebies/" class="menu-link main-menu-link" data-wpel-link="internal">Freebies</a></li><li id="nav-menu-item-57" class="main-menu-item  menu-item-even menu-item-depth-0 menu-item menu-item-type-post_type menu-item-object-page current_page_parent"><a href="https://themesbox.in/blog/" class="menu-link main-menu-link" data-wpel-link="internal">Blog</a></li><li id="nav-menu-item-58" class="main-menu-item  menu-item-even menu-item-depth-0 menu-item menu-item-type-post_type menu-item-object-page"><a href="https://themesbox.in/support/" class="menu-link main-menu-link" data-wpel-link="internal">Support</a></li><li id="nav-menu-item-35" class="main-menu-item  menu-item-even menu-item-depth-0 menu-item menu-item-type-post_type menu-item-object-page login-btn"><a class="menu-link main-menu-link btn btn-primary" id="show_login" href="" data-wpel-link="internal">Login</a></li><li id="nav-menu-item-36" class="has-submenu main-menu-item  menu-item-even menu-item-depth-0 menu-item menu-item-type-custom menu-item-object-custom menu-item-has-children minicart-menu"> <a class="menu-link main-menu-link" href="#"><i class="feather icon-shopping-cart"></i><span class="cart-notify">0</span></a><div><span class="menu-arrow d-md-block d-lg-none"></span></div><ul class="submenu menu-odd menu-depth-1"><li class="sub-menu-item  menu-item-odd menu-item-depth-1 menu-item menu-item-type-taxonomy menu-item-object-download_category"><p class="edd-cart-number-of-items" style="display:none;">Number of items in cart: <span class="edd-cart-quantity">0</span></p><ul class="edd-cart"><li class="cart_item empty"><span class="edd_empty_cart">Your cart is empty.</span></li><li class="cart_item edd-cart-meta edd_total" style="display:none;">Total: <span class="cart-total">&#36;0.00</span></li><li class="cart_item edd_checkout" style="display:none;"><a href="https://themesbox.in/checkout/" data-wpel-link="internal">Checkout</a></li></ul></li></ul></li></ul></div></div></div></div></div></div></header><section class="section"><div class="container"><div class="row"><div class="col-12 text-center error-page"><h1>404!</h1><h4 class="error-title">Sorry, page not found</h4><p class="error-text text-muted mt-3">Use the navigation above or the button below to get back and track.</p> <a href="https://themesbox.in" class="btn btn-outline-custom mt-4" data-wpel-link="internal">BACK TO HOME PAGE</a></div></div></div></section><section class="subscribe-section section"><div class="container"><div class="subscribe-box"><div class="row align-items-center"><div class="col-lg-6"><h2>Subscribe for freebies</h2></div><div class="col-lg-6"> <script>(function() {
	window.mc4wp = window.mc4wp || {
		listeners: [],
		forms: {
			on: function(evt, cb) {
				window.mc4wp.listeners.push(
					{
						event   : evt,
						callback: cb
					}
				);
			}
		}
	}
})();</script><form id="mc4wp-form-1" class="mc4wp-form mc4wp-form-65" method="post" data-id="65" data-name="Subscribe Form" ><div class="mc4wp-form-fields"><div class="input-group"> <input type="email" name="EMAIL" class="form-control border-right-0" placeholder="Enter Your Email ID" required /><div class="input-group-append"> <span class="input-group-text" id="basic-addon2"><button type="submit" class="search-btn btn btn-primary" form="mc4wp-form-1">Subscribe</button></span></div></div></div><label style="display: none !important;">Leave this field empty if you're human: <input type="text" name="_mc4wp_honeypot" value="" tabindex="-1" autocomplete="off" /></label><input type="hidden" name="_mc4wp_timestamp" value="1731569751" /><input type="hidden" name="_mc4wp_form_id" value="65" /><input type="hidden" name="_mc4wp_form_element_id" value="mc4wp-form-1" /><div class="mc4wp-response"></div></form></div></div></div></div></section><footer><div class="footer-top"><div class="container"><div class="row"><div class="col-lg-5"><div id="text-2" class="widget widget_text list-unstyled"><h5 class="widgettitle">About Us</h5><div class="textwidget"><p>We take care of all your IT related solutions with creativity &#038; passion. We develop products with maximum attention to details. From, Designing to Development we keep in mind every aspect that affects your Product, Value and Appearance. Cheers !!</p></div></div><div id="themesbox-social-widget-2" class="widget widget_themesbox_social list-unstyled"><h5 class="widgettitle">Follows Us</h5><ul class="socials"><li><a href="https://www.facebook.com/Themes-Box-104644314374974/" target="_blank" data-wpel-link="external" rel="external noopener noreferrer"> <i class="feather icon-facebook"></i> </a></li><li><a href="#" target="_blank"> <i class="feather icon-instagram"></i> </a></li></ul></div></div><div class="col-lg-5"><div id="themesbox-contact-info-widget-2" class="widget themesbox-contact-info list-unstyled"><h5 class="widgettitle">Contact Us</h5><div class="contact-footer"><ul><li>05:00 am to 12:30 pm GMT</li><li><a href="mailto:info@themesbox.in">info@themesbox.in</a></li></ul></div></div><div id="media_image-2" class="widget widget_media_image list-unstyled"><h5 class="widgettitle">Pay Securely</h5><img width="255" height="22" src="https://themesbox.in/wp-content/uploads/2019/12/payments.png" class="image wp-image-66  attachment-full size-full" alt="payments" loading="lazy" style="max-width: 100%; height: auto;" /></div></div><div class="col-lg-2"><div id="text-3" class="widget widget_text list-unstyled"><h5 class="widgettitle">Quick Links</h5><div class="textwidget"><ul class="list-unstyled mb-0"><li><a href="https://themesbox.in/blog/" data-wpel-link="internal">Blog</a></li><li><a href="https://themesbox.in/support/" data-wpel-link="internal">Support</a></li><li><a href="https://themesbox.in/privacy-policy/" data-wpel-link="internal">Privacy Policy</a></li><li><a href="https://themesbox.in/terms-conditions/" data-wpel-link="internal">Terms &amp; Conditions</a></li><li><a href="https://themesbox.in/refund-policy/" data-wpel-link="internal">Refund Policy</a></li><li><a href="https://www.crazydomains.in?a=sdE0WKKV0xJT7H8odEPu28KasJK8qT%2B7VMnY0jUCB68%3D" data-wpel-link="external" rel="external noopener noreferrer">Crazydomains</a></li></ul></div></div></div></div></div></div><div class="footer-bottom"><div class="container"><p class="mb-0 text-white">© 2021. Themesbox - All Rights Reserved. Powered by <a href="http://xpanthersolutions.com/" target="_blank" data-wpel-link="external" rel="external noopener noreferrer">xPanther Solutions</a></p></div></div></footer>  <script>(function() {function maybePrefixUrlField() {
	if (this.value.trim() !== '' && this.value.indexOf('http') !== 0) {
		this.value = "http://" + this.value;
	}
}

var urlFields = document.querySelectorAll('.mc4wp-form input[type="url"]');
if (urlFields) {
	for (var j=0; j < urlFields.length; j++) {
		urlFields[j].addEventListener('blur', maybePrefixUrlField);
	}
}
})();</script><div id="wa"></div><script type='text/javascript' src='https://themesbox.in/wp-includes/js/dist/vendor/regenerator-runtime.min.js?ver=0.13.7' id='regenerator-runtime-js'></script> <script type='text/javascript' src='https://themesbox.in/wp-includes/js/dist/vendor/wp-polyfill.min.js?ver=3.15.0' id='wp-polyfill-js'></script> <script type='text/javascript' id='contact-form-7-js-extra'>var wpcf7 = {"api":{"root":"https:\/\/themesbox.in\/wp-json\/","namespace":"contact-form-7\/v1"}};</script> <script type='text/javascript' id='edd-ajax-js-extra'>var edd_scripts = {"ajaxurl":"https:\/\/themesbox.in\/wp-admin\/admin-ajax.php","position_in_cart":"","has_purchase_links":"","already_in_cart_message":"You have already added this item to your cart","empty_cart_message":"Your cart is empty","loading":"Loading","select_option":"Please select an option","is_checkout":"0","default_gateway":"paypal","redirect_to_checkout":"1","checkout_page":"https:\/\/themesbox.in\/checkout\/","permalinks":"1","quantities_enabled":"","taxes_enabled":"0"};</script> <script type='text/javascript' id='nta-js-global-js-extra'>var njt_wa_global = {"ajax_url":"https:\/\/themesbox.in\/wp-admin\/admin-ajax.php","nonce":"bb7e31971d","defaultAvatarSVG":"<svg width=\"48px\" height=\"48px\" class=\"nta-whatsapp-default-avatar\" version=\"1.1\" id=\"Layer_1\" xmlns=\"http:\/\/www.w3.org\/2000\/svg\" xmlns:xlink=\"http:\/\/www.w3.org\/1999\/xlink\" x=\"0px\" y=\"0px\"\n            viewBox=\"0 0 512 512\" style=\"enable-background:new 0 0 512 512;\" xml:space=\"preserve\">\n            <path style=\"fill:#EDEDED;\" d=\"M0,512l35.31-128C12.359,344.276,0,300.138,0,254.234C0,114.759,114.759,0,255.117,0\n            S512,114.759,512,254.234S395.476,512,255.117,512c-44.138,0-86.51-14.124-124.469-35.31L0,512z\"\/>\n            <path style=\"fill:#55CD6C;\" d=\"M137.71,430.786l7.945,4.414c32.662,20.303,70.621,32.662,110.345,32.662\n            c115.641,0,211.862-96.221,211.862-213.628S371.641,44.138,255.117,44.138S44.138,137.71,44.138,254.234\n            c0,40.607,11.476,80.331,32.662,113.876l5.297,7.945l-20.303,74.152L137.71,430.786z\"\/>\n            <path style=\"fill:#FEFEFE;\" d=\"M187.145,135.945l-16.772-0.883c-5.297,0-10.593,1.766-14.124,5.297\n            c-7.945,7.062-21.186,20.303-24.717,37.959c-6.179,26.483,3.531,58.262,26.483,90.041s67.09,82.979,144.772,105.048\n            c24.717,7.062,44.138,2.648,60.028-7.062c12.359-7.945,20.303-20.303,22.952-33.545l2.648-12.359\n            c0.883-3.531-0.883-7.945-4.414-9.71l-55.614-25.6c-3.531-1.766-7.945-0.883-10.593,2.648l-22.069,28.248\n            c-1.766,1.766-4.414,2.648-7.062,1.766c-15.007-5.297-65.324-26.483-92.69-79.448c-0.883-2.648-0.883-5.297,0.883-7.062\n            l21.186-23.834c1.766-2.648,2.648-6.179,1.766-8.828l-25.6-57.379C193.324,138.593,190.676,135.945,187.145,135.945\"\/>\n        <\/svg>","defaultAvatarUrl":"https:\/\/themesbox.in\/wp-content\/plugins\/wp-whatsapp\/assets\/img\/whatsapp_logo.svg","timezone":"+00:00","i18n":{"online":"Online","offline":"Offline"},"urlSettings":{"onDesktop":"web","onMobile":"protocol","openInNewTab":"ON"}};</script> <script type='text/javascript' id='nta-js-popup-js-extra'>var njt_wa = {"gdprStatus":"","accounts":[{"accountId":4715,"accountName":"","avatar":"","number":"+917567771181","title":"Ketan Maniya","predefinedText":"","willBeBackText":"I will be back in [njwa_time_work]","dayOffsText":"I will be back soon","isAlwaysAvailable":"ON","daysOfWeekWorking":{"sunday":{"isWorkingOnDay":"OFF","workHours":[{"startTime":"08:00","endTime":"17:30"}]},"monday":{"isWorkingOnDay":"OFF","workHours":[{"startTime":"08:00","endTime":"17:30"}]},"tuesday":{"isWorkingOnDay":"OFF","workHours":[{"startTime":"08:00","endTime":"17:30"}]},"wednesday":{"isWorkingOnDay":"OFF","workHours":[{"startTime":"08:00","endTime":"17:30"}]},"thursday":{"isWorkingOnDay":"OFF","workHours":[{"startTime":"08:00","endTime":"17:30"}]},"friday":{"isWorkingOnDay":"OFF","workHours":[{"startTime":"08:00","endTime":"17:30"}]},"saturday":{"isWorkingOnDay":"OFF","workHours":[{"startTime":"08:00","endTime":"17:30"}]}}}],"options":{"display":{"displayCondition":"excludePages","includePages":[],"excludePages":[],"showOnDesktop":"ON","showOnMobile":"ON","time_symbols":"h:m"},"styles":{"title":"Start a Conversation","responseText":"The team typically replies in a few minutes.","description":"Hi! Click one of our member below to chat on <strong>WhatsApp<\/strong>","backgroundColor":"#2db742","textColor":"#fff","scrollHeight":500,"isShowScroll":"OFF","isShowResponseText":"ON","isShowPoweredBy":"ON","btnLabel":"Need Help? <strong>Chat with us<\/strong>","btnLabelWidth":156,"btnPosition":"right","btnLeftDistance":30,"btnRightDistance":30,"btnBottomDistance":30,"isShowBtnLabel":"ON","isShowGDPR":"OFF","gdprContent":"Please accept our <a href=\"https:\/\/ninjateam.org\/privacy-policy\/\">privacy policy<\/a> first to start a conversation."},"analytics":{"enabledGoogle":"OFF","enabledFacebook":"OFF","enabledGoogleGA4":"OFF"}}};</script> <script src="https://my.hellobar.com/8690e68a606489cc3080b35aadaa299baf2e80a0.js" type="text/javascript" charset="utf-8" async="async"></script> </div> <script defer src="https://themesbox.in/wp-content/cache/autoptimize/js/autoptimize_ff92df4e8c89c33492b115e8234bf8b7.js"></script></body></html>